{"cameraMode":{"drawMode":0,"name":"Shaded","section":"Shading Mode"},"sceneLighting":false,"audioPlay":false,"sceneViewState":{"m_AlwaysRefresh":false,"showFog":true,"showSkybox":false,"showFlares":true,"showImageEffects":true,"showParticleSystems":true,"showVisualEffectGraphs":true,"m_FxEnabled":true},"in2DMode":false,"pivot":{"x":-0.8328186869621277,"y":0.35258597135543826,"z":-0.2886611819267273},"rotation":{"x":-0.10307158529758454,"y":-0.8261118531227112,"z":0.16059063374996186,"w":-0.5302135944366455},"size":0.4989481568336487,"orthographic":false}