{"cameraMode":{"drawMode":0,"name":"Shaded","section":"Shading Mode"},"sceneLighting":false,"audioPlay":false,"sceneViewState":{"m_AlwaysRefresh":false,"showFog":true,"showSkybox":false,"showFlares":true,"showImageEffects":true,"showParticleSystems":true,"showVisualEffectGraphs":true,"m_FxEnabled":true},"in2DMode":false,"pivot":{"x":-0.008889198303222657,"y":-0.0005000000819563866,"z":-6.784104824066162},"rotation":{"x":-0.10307158529758454,"y":-0.8261118531227112,"z":0.16059063374996186,"w":-0.5302135944366455},"size":0.07477109134197235,"orthographic":false}