{"cameraMode":{"drawMode":0,"name":"Shaded","section":"Shading Mode"},"sceneLighting":true,"audioPlay":false,"sceneViewState":{"m_AlwaysRefresh":false,"showFog":true,"showSkybox":true,"showFlares":true,"showImageEffects":true,"showParticleSystems":true,"showVisualEffectGraphs":true,"m_FxEnabled":true},"in2DMode":false,"pivot":{"x":0.3778235912322998,"y":0.13484624028205872,"z":0.06929177045822144},"rotation":{"x":-0.14080044627189637,"y":0.8559212684631348,"z":-0.3090452551841736,"w":-0.3899567127227783},"size":3.3997182846069338,"orthographic":false}