{"cameraMode":{"drawMode":0,"name":"Shaded","section":"Shading Mode"},"sceneLighting":true,"audioPlay":false,"sceneViewState":{"m_AlwaysRefresh":false,"showFog":true,"showSkybox":true,"showFlares":true,"showImageEffects":true,"showParticleSystems":true,"showVisualEffectGraphs":true,"m_FxEnabled":true},"in2DMode":false,"pivot":{"x":0.28960034251213076,"y":0.29780352115631106,"z":-0.013937320560216904},"rotation":{"x":0.25008782744407656,"y":-0.6614052653312683,"z":0.25008854269981387,"w":0.6614057421684265},"size":0.027752533555030824,"orthographic":false}