{"cameraMode":{"drawMode":0,"name":"Shaded","section":"Shading Mode"},"sceneLighting":true,"audioPlay":false,"sceneViewState":{"m_AlwaysRefresh":false,"showFog":true,"showSkybox":true,"showFlares":true,"showImageEffects":true,"showParticleSystems":true,"showVisualEffectGraphs":true,"m_FxEnabled":true},"in2DMode":false,"pivot":{"x":-1.4452804327011109,"y":1.405260443687439,"z":1.9678022861480713},"rotation":{"x":0.33273670077323916,"y":0.6075539588928223,"z":-0.31052151322364809,"w":0.6509839296340942},"size":4.9741692543029789,"orthographic":false}