{"cameraMode":{"drawMode":0,"name":"Shaded","section":"Shading Mode"},"sceneLighting":false,"audioPlay":false,"sceneViewState":{"m_AlwaysRefresh":false,"showFog":true,"showSkybox":false,"showFlares":true,"showImageEffects":true,"showParticleSystems":true,"showVisualEffectGraphs":true,"m_FxEnabled":true},"in2DMode":false,"pivot":{"x":-0.8328186869621277,"y":0.35258597135543826,"z":-0.2886611819267273},"rotation":{"x":0.04567668214440346,"y":0.950002133846283,"z":-0.1669890582561493,"w":0.25985512137413027},"size":0.4989481568336487,"orthographic":false}