{"cameraMode":{"drawMode":0,"name":"Shaded","section":"Shading Mode"},"sceneLighting":false,"audioPlay":false,"sceneViewState":{"m_AlwaysRefresh":false,"showFog":true,"showSkybox":false,"showFlares":true,"showImageEffects":true,"showParticleSystems":true,"showVisualEffectGraphs":true,"m_FxEnabled":true},"in2DMode":false,"pivot":{"x":-0.006500008516013622,"y":-0.00039115920662879944,"z":0.0006775036454200745},"rotation":{"x":-0.10307158529758454,"y":-0.8261118531227112,"z":0.16059063374996186,"w":-0.5302135944366455},"size":0.055137306451797488,"orthographic":false}